id,name
1,Jamal Zougam
2,Mohamed Bekkali
3,Mohamed Chaoui
4,Vinay Kholy
5,Suresh Kumar
6,Mohamed Chedadi
7,Imad Eddin Barakat
8,Abdelaziz Benyaich
9,Abu Abderrahame
10,Omar Dhegayes
11,Amer Azizi
12,Abu Musad Alsakaoui
13,Mohamed Atta
14,Ramzi Binalshibh
15,Mohamed Belfatmi
16,Said Bahaji
17,Al? Amrous
18,Galeb Kalaje
19,Abderrahim Zbakh
20,Farid Oulad Ali
21,Jos? Emilio Su?rez
22,Khalid Ouled Akcha
23,Rafa Zuher
24,Naima Oulad Akcha
25,Abdelkarim el Mejjati
26,Abdelhalak Bentasser
27,Anwar Adnan Ahmad
28,Basel Ghayoun
29,Faisal Alluch
30,S B Abdelmajid Fakhet
31,Jamal Ahmidan
32,Said Ahmidan
33,Hamid Ahmidan
34,Mustafa Ahmidan
35,Antonio Toro
36,Mohamed Oulad Akcha
37,Rachid Oulad Akcha
38,Mamoun Darkazanli
39,Fouad El Morabit Anghar
40,Abdeluahid Berrak
41,Said Berrak
42,Waanid Altaraki Almasri
43,Abddenabi Koujma
44,Otman El Gnaut
45,Abdelilah el Fouad
46,Mohamad Bard Ddin Akkab
47,Abu Zubaidah
48,Sanel Sjekirika
49,Parlindumgan Siregar
50,El Hemir
51,Anuar Asri Rifaat
52,Rachid Adli
53,Ghasoub Al Albrash
54,Said Chedadi
55,Mohamed Bahaiah
56,Taysir Alouny
57,OM. Othman Abu Qutada
58,Shakur
59,Driss Chebli
60,Abdul Fatal
61,Mohamed El Egipcio
62,Nasredine Boushoa
63,Semaan Gaby Eid
64,Emilio Llamo
65,Ivan Granados
66,Raul Gonzales Perez
67,El Gitanillo
68,Moutaz Almallah
69,Mohamed Almallah
70,Yousef Hichman
